Time,Confidence (%),Label,Mean Liveness Sim
15:46:00,24,Suspicious (24%),
15:46:02,22,Suspicious (22%),0.974797075313309
15:46:03,20,Suspicious (20%),0.9852364074949258
15:46:04,21,Suspicious (21%),0.9885090881938275
15:46:05,21,Suspicious (21%),0.9908968854406242
15:46:06,21,Suspicious (21%),0.9919344881552975
15:46:08,21,Suspicious (21%),0.9924192955074574
15:46:09,20,Suspicious (20%),0.9928401973599287
15:46:10,22,Suspicious (22%),0.9930170623509318
15:46:12,22,Suspicious (22%),0.9935832235176447
15:46:13,21,Suspicious (Static Face),0.9958871774449192
15:46:15,20,Suspicious (Static Face),0.995788270768593
15:46:16,23,Suspicious (Static Face),0.9950184311364177
15:46:17,25,Suspicious (25%),0.988963660616683
17:11:49,13,Suspicious (13%),
17:11:52,20,Suspicious (20%),0.29288869784054694
17:11:54,15,Suspicious (15%),0.3303028420423574
17:11:55,37,Suspicious (37%),0.26462776468505295
17:11:57,37,Suspicious (37%),0.4267075721712529
17:11:58,35,Suspicious (35%),0.4882081434259054
17:11:59,41,Suspicious (41%),0.5420233970598389
17:12:01,40,Suspicious (40%),0.5990598837295723
17:12:02,39,Suspicious (39%),0.6381324007581597
17:12:04,44,Suspicious (44%),0.6701065871517902
17:12:05,16,Suspicious (16%),0.6526575864159868
17:12:07,45,Suspicious (45%),0.6276195871238989
17:12:08,41,Suspicious (41%),0.7147556366926727
17:12:10,17,Suspicious (17%),0.6315371605126061
17:12:11,24,Suspicious (24%),0.5812810782670782
17:12:13,34,Suspicious (34%),0.5201036292930453
17:12:14,40,Suspicious (40%),0.508514823133156
17:12:16,36,Suspicious (36%),0.5092328365662584
17:12:18,16,Suspicious (16%),0.427828373718053
17:26:23,23,Suspicious (23%),
17:26:26,32,Suspicious (32%),0.8320566837062119
17:26:27,32,Suspicious (32%),0.913288313621887
17:26:29,69,Authentic (69%),0.6650500572071275
17:26:30,72,Authentic (72%),0.7262361264913093
17:26:31,72,Authentic (72%),0.7664299084292614
17:26:32,70,Authentic (70%),0.7858813523520585
17:26:33,70,Authentic (70%),0.8052830869372938
17:26:35,70,Authentic (70%),0.8284143454029582
17:26:36,65,Authentic (65%),0.803714653018536
17:26:38,70,Authentic (70%),0.8021799533046364
17:26:40,77,Authentic (77%),0.7920495955006562
17:26:42,70,Authentic (70%),0.875572233203516
17:26:43,77,Authentic (77%),0.8763806756576284
17:26:45,74,Authentic (74%),0.8803394393046129
17:26:47,74,Authentic (74%),0.8902518968032678
17:26:48,77,Authentic (77%),0.8952011908321175
17:26:50,75,Authentic (75%),0.8895568755814475
17:36:38,34,Suspicious (34%),
17:36:42,65,Authentic (65%),0.23263708727150778
17:36:43,68,Authentic (68%),0.3890845162453556
17:36:44,71,Authentic (71%),0.5809739545867384
17:36:46,69,Authentic (69%),0.6793083978071655
17:36:47,68,Authentic (68%),0.7394942441492575
17:36:48,66,Authentic (66%),0.7780889950010198
17:36:49,65,Authentic (65%),0.8065143845902464
17:36:51,67,Authentic (67%),0.8273657532418839
17:36:52,66,Authentic (66%),0.8428147679305948
17:36:54,69,Authentic (69%),0.9259360397276711
17:36:55,67,Authentic (67%),0.9721393207880404
17:36:57,65,Authentic (65%),0.9740810649298075
17:36:58,66,Authentic (66%),0.9739831681266069
17:46:37,32,Suspicious (32%),
17:46:41,71,Authentic (71%),0.22852948141432217
17:46:44,66,Authentic (66%),0.5764080581607096
17:46:46,68,Authentic (68%),0.6998501226792294
17:46:48,70,Authentic (70%),0.7593433887696603
17:46:50,68,Authentic (68%),0.8007326543846556
17:46:52,66,Authentic (66%),0.8278336202256026
12:21:09,17,Suspicious (17%),
12:21:11,24,Suspicious (24%),0.7199621442686783
12:21:13,23,Suspicious (23%),0.8477153862353974
12:21:14,22,Suspicious (22%),0.8902506267033982
12:21:15,22,Suspicious (22%),0.9167774969886102
12:21:16,23,Suspicious (23%),0.9325201098159115
12:21:17,22,Suspicious (22%),0.9430957840356659
12:21:18,22,Suspicious (22%),0.9509929533658584
12:21:20,22,Suspicious (22%),0.9569746183506748
12:21:21,24,Suspicious (24%),0.9535587603886166
12:21:22,23,Suspicious (23%),0.9809962269604008
12:21:23,22,Suspicious (22%),0.9831558732670411
12:21:24,23,Suspicious (23%),0.9856988366401436
12:21:25,23,Suspicious (23%),0.9857065817753627
12:21:26,23,Suspicious (23%),0.9859939466447779
12:21:27,23,Suspicious (23%),0.9861077422917948
12:21:28,23,Suspicious (23%),0.9857411566530112
12:21:29,22,Suspicious (22%),0.9853812003134563
12:21:30,22,Suspicious (22%),0.9929247427403111
12:21:31,23,Suspicious (Static Face),0.996188647992096
12:21:32,23,Suspicious (Static Face),0.9963582889793499
12:21:33,23,Suspicious (Static Face),0.9960614614681746
12:21:34,23,Suspicious (Static Face),0.9962035670657363
12:21:35,23,Suspicious (Static Face),0.996037356246478
12:21:36,23,Suspicious (23%),0.9930537494441971
12:21:36,26,Suspicious (26%),0.9877587145825338
12:21:37,25,Suspicious (25%),0.9866679127625854
12:21:38,25,Suspicious (25%),0.9858726019017912
12:21:39,24,Suspicious (24%),0.9843737294558851
12:21:40,25,Suspicious (25%),0.9805056288571087
12:21:41,24,Suspicious (24%),0.9778216334311328
12:21:42,25,Suspicious (25%),0.9723449182815893
12:21:43,26,Suspicious (26%),0.9629695224770811
12:21:44,31,Suspicious (31%),0.9603533908877525
12:21:45,30,Suspicious (30%),0.9642369045103872
12:21:46,28,Suspicious (28%),0.964149258401027
12:21:47,28,Suspicious (28%),0.9647569347456096
12:21:48,28,Suspicious (28%),0.9625982468969995
12:21:50,26,Suspicious (26%),0.9630863241510043
12:21:51,27,Suspicious (27%),0.9654061866117336
12:21:52,23,Suspicious (23%),0.9620015237330873
12:21:54,23,Suspicious (23%),0.9699762745180406
12:21:55,24,Suspicious (24%),0.9747690130921358
12:21:56,24,Suspicious (24%),0.9764916990461584
12:21:57,25,Suspicious (25%),0.977021872273835
12:21:58,24,Suspicious (24%),0.9768700749690201
12:44:55,26,Suspicious (26%),
12:44:58,26,Suspicious (26%),0.8782517867480931
12:45:00,24,Suspicious (24%),0.916138636582745
12:45:02,26,Suspicious (26%),0.9401042247776882
12:45:03,26,Suspicious (26%),0.9456278545627995
12:45:05,29,Suspicious (29%),0.9259964702126492
12:45:06,28,Suspicious (28%),0.9286308649419285
12:45:08,33,Suspicious (33%),0.9219590136480323
12:45:10,31,Suspicious (31%),0.9239273474391365
12:45:11,28,Suspicious (28%),0.9265598756999258
12:45:13,24,Suspicious (24%),0.9321581024207403
12:45:15,23,Suspicious (23%),0.9347200161248664
12:45:17,23,Suspicious (23%),0.9346846190496163
12:45:19,24,Suspicious (24%),0.9380920749801146
12:45:21,23,Suspicious (23%),0.953907782087852
12:45:23,52,Suspicious (52%),0.891300173394276
12:45:24,23,Suspicious (23%),0.8338376998479441
12:45:25,25,Suspicious (25%),0.8395233548252512
12:45:26,26,Suspicious (26%),0.8435525697248559
12:45:27,26,Suspicious (26%),0.8505801164459652
12:45:28,25,Suspicious (25%),0.8520318189936656
12:45:29,25,Suspicious (25%),0.8516359785443667
12:45:30,43,Suspicious (43%),0.8089748605761155
12:45:30,41,Suspicious (41%),0.8023166829756574
12:45:31,25,Suspicious (25%),0.8258465912450252
12:45:32,25,Suspicious (25%),0.896124737718939
12:45:33,26,Suspicious (26%),0.8968165008506693
12:45:34,24,Suspicious (24%),0.8979965123030083
12:45:35,25,Suspicious (25%),0.8986844149811378
12:45:36,25,Suspicious (25%),0.8976805422346129
12:45:37,25,Suspicious (25%),0.898722431515308
12:45:38,26,Suspicious (26%),0.9416497978240402
12:45:39,26,Suspicious (26%),0.948772386725632
12:45:40,26,Suspicious (26%),0.99348117031199
12:45:41,26,Suspicious (26%),0.9932251995123342
12:45:42,26,Suspicious (26%),0.9934038746061553
12:45:43,25,Suspicious (25%),0.992990007956045
12:45:44,27,Suspicious (27%),0.9924750906832414
12:45:45,26,Suspicious (26%),0.9887198385616492
12:45:46,24,Suspicious (24%),0.9877301544365003
12:45:47,24,Suspicious (24%),0.9860051057300923
12:45:48,25,Suspicious (25%),0.9848313665916153
12:45:49,25,Suspicious (25%),0.9849235782049759
12:45:50,25,Suspicious (25%),0.9849724703841893
12:45:51,25,Suspicious (25%),0.985152327925483
12:45:52,25,Suspicious (25%),0.9851317911429478
12:45:53,24,Suspicious (24%),0.9843355589176928
12:45:54,24,Suspicious (24%),0.9863112495917874
12:45:55,24,Suspicious (24%),0.9851389703608778
12:45:56,23,Suspicious (23%),0.9857441303627917
12:45:57,24,Suspicious (24%),0.9862948635667885
12:45:58,25,Suspicious (25%),0.9859143996812428
12:45:59,25,Suspicious (25%),0.9855912960626312
12:46:00,25,Suspicious (25%),0.984988367611883
12:46:01,26,Suspicious (26%),0.9856631169373222
12:46:02,26,Suspicious (26%),0.9863775389183762
12:46:03,26,Suspicious (26%),0.989861579447903
12:46:04,27,Suspicious (27%),0.9916118556337999
12:46:06,27,Suspicious (27%),0.9930306106865096
12:46:07,26,Suspicious (26%),0.993983546063515
12:46:08,26,Suspicious (26%),0.9941399226567886
12:46:09,26,Suspicious (26%),0.9943387696764686
12:46:10,25,Suspicious (25%),0.9934714585890778
12:46:11,25,Suspicious (25%),0.9910070213016436
12:46:12,24,Suspicious (24%),0.9897737544184199
12:46:13,27,Suspicious (27%),0.9781206885760917
12:46:14,28,Suspicious (28%),0.9786527662419968
12:46:15,28,Suspicious (28%),0.9783083149301901
12:46:16,28,Suspicious (28%),0.9783280945137235
12:46:17,29,Suspicious (29%),0.9790182211486993
12:46:18,24,Suspicious (24%),0.9683209275848422
12:46:19,25,Suspicious (25%),0.966732793277035
12:46:20,25,Suspicious (25%),0.968778487908078
12:46:21,25,Suspicious (25%),0.9704912947150262
12:46:23,26,Suspicious (26%),0.9821781428074176
12:46:23,26,Suspicious (26%),0.9825707497222683
12:46:24,24,Suspicious (24%),0.9815291533978154
12:46:26,24,Suspicious (24%),0.9759779662529667
12:46:27,24,Suspicious (24%),0.9720713333555757
12:46:28,26,Suspicious (26%),0.979970560739069
12:46:30,24,Suspicious (24%),0.981689597070085
12:46:32,24,Suspicious (24%),0.9807663727961621
12:46:34,24,Suspicious (24%),0.9803736178030857
12:46:35,24,Suspicious (24%),0.9791757103853842
12:46:37,23,Suspicious (23%),0.9744559058159972
12:46:40,23,Suspicious (23%),0.9751683277187139
12:46:42,26,Suspicious (26%),0.9727046758229189
12:46:44,24,Suspicious (24%),0.9745255297351907
12:46:46,24,Suspicious (24%),0.9728839522696932
12:46:48,26,Suspicious (26%),0.9659997944222611
12:46:50,31,Suspicious (31%),0.9294270836524023
12:46:53,36,Suspicious (36%),0.9068194271185366
12:46:55,25,Suspicious (25%),0.8569301747463685
12:46:57,25,Suspicious (25%),0.8612732241031166
12:47:00,24,Suspicious (24%),0.8616754480650868
12:47:02,25,Suspicious (25%),0.869526200018928
22:29:38,25,Suspicious (25%),
22:29:46,60,Authentic (60%),0.2613329121523389
22:29:48,60,Authentic (60%),0.6203230763474262
22:29:51,61,Authentic (61%),0.7317099023635946
22:29:53,60,Authentic (60%),0.7956925203171651
22:29:56,30,Suspicious (30%),0.68263958645257
22:29:58,29,Suspicious (29%),0.6846796428729526
22:30:01,57,Suspicious (57%),0.6259444291458998
22:30:04,29,Suspicious (29%),0.5868896042918136
22:30:07,56,Suspicious (56%),0.553501570848919
22:30:10,57,Suspicious (57%),0.6326276899674893
22:30:14,55,Suspicious (55%),0.6301721582930814
22:30:17,56,Suspicious (56%),0.6290759486752618
22:30:20,56,Suspicious (56%),0.6267055772847363
22:30:23,51,Suspicious (51%),0.6762803927834234
22:30:28,19,Suspicious (19%),0.631762990016544
22:30:30,65,Authentic (65%),0.6163461854823498
22:30:33,65,Authentic (65%),0.6691327785391805
22:30:39,29,Suspicious (29%),0.6634190980232328
22:30:44,69,Authentic (69%),0.5806652973421095
22:30:48,67,Authentic (67%),0.5612655294981344
22:30:52,67,Authentic (67%),0.553783645632515
22:30:56,71,Authentic (71%),0.5495512083125879
22:31:01,69,Authentic (69%),0.580431247107018
22:31:04,65,Authentic (65%),0.6536292089942407
22:31:09,68,Authentic (68%),0.7465197902611392
22:31:15,67,Authentic (67%),0.7682998143500845
22:31:17,67,Authentic (67%),0.8508159785871116
22:31:19,65,Authentic (65%),0.9346159247687935
22:31:22,65,Authentic (65%),0.9561183687270037
22:31:27,67,Authentic (67%),0.9672567632475213
21:15:28,88,Authentic (88%),0.997
21:15:30,96,Authentic (96%),0.96
21:17:16,96,Authentic (96%),0.96
21:17:16,90,Authentic (90%),0.9006
21:17:16,85,Authentic (85%),0.8589
21:17:17,70,Authentic (70%),0.7078
21:17:17,96,Authentic (96%),0.96
21:17:17,58,Suspicious (58%),0.5885
21:17:18,62,Suspicious (62%),0.6242
21:17:18,58,Suspicious (58%),0.585
21:17:18,69,Authentic (69%),0.6909
21:17:19,58,Suspicious (58%),0.5878
21:17:19,69,Authentic (69%),0.6952
21:17:19,75,Authentic (75%),0.7581
21:17:19,63,Suspicious (63%),0.634
21:17:20,69,Authentic (69%),0.6952
21:17:20,72,Authentic (72%),0.727
21:17:20,84,Authentic (84%),0.8492
21:17:21,70,Authentic (70%),0.7012
21:17:21,71,Authentic (71%),0.7131
21:17:21,96,Authentic (96%),0.96
21:17:22,91,Authentic (91%),0.919
21:17:22,73,Authentic (73%),0.7387
21:17:22,71,Authentic (71%),0.7147
21:17:23,96,Authentic (96%),0.96
21:17:23,96,Authentic (96%),0.96
21:17:23,96,Authentic (96%),0.96
21:17:23,96,Authentic (96%),0.96
21:17:24,95,Authentic (95%),0.9535
21:17:24,95,Authentic (95%),0.9538
21:17:24,96,Authentic (96%),0.96
21:17:25,96,Authentic (96%),0.96
21:17:25,96,Authentic (96%),0.96
21:17:25,96,Authentic (96%),0.96
21:17:26,96,Authentic (96%),0.96
21:17:26,96,Authentic (96%),0.96
21:17:26,96,Authentic (96%),0.96
21:17:27,75,Authentic (75%),0.7597
21:17:27,86,Authentic (86%),0.8655
21:17:27,96,Authentic (96%),0.96
21:17:27,93,Authentic (93%),0.9379
21:17:28,67,Authentic (67%),0.6756
21:17:28,95,Authentic (95%),0.9512
21:17:28,85,Authentic (85%),0.8598
21:17:29,83,Authentic (83%),0.8334
21:17:29,68,Authentic (68%),0.6808
21:17:29,58,Suspicious (58%),0.585
21:17:30,58,Suspicious (Static Face),0.585
21:17:30,58,Suspicious (58%),0.585
21:17:30,70,Authentic (70%),0.7029
21:17:31,76,Authentic (76%),0.7674
21:17:31,88,Authentic (88%),0.8802
21:17:31,94,Authentic (94%),0.9418
21:17:32,89,Authentic (89%),0.8931
21:17:32,86,Authentic (86%),0.868
21:17:32,84,Authentic (84%),0.8497
21:17:32,81,Authentic (81%),0.8112
21:17:33,58,Suspicious (Static Face),0.585
21:17:33,58,Suspicious (58%),0.585
21:17:33,58,Suspicious (58%),0.585
21:17:34,58,Suspicious (58%),0.585
21:17:34,58,Suspicious (58%),0.585
21:17:34,58,Suspicious (58%),0.585
21:17:35,58,Suspicious (58%),0.585
21:17:35,80,Authentic (80%),0.8073
21:17:35,96,Authentic (96%),0.96
21:17:36,68,Authentic (68%),0.6872
21:17:36,95,Authentic (95%),0.9579
21:17:36,94,Authentic (94%),0.9484
21:17:37,96,Authentic (96%),0.96
21:17:37,92,Authentic (92%),0.9202
21:17:37,91,Authentic (91%),0.9151
21:17:37,68,Authentic (68%),0.6883
21:17:38,96,Authentic (96%),0.96
21:17:38,80,Authentic (80%),0.8017
21:17:38,77,Authentic (77%),0.7735
21:17:39,64,Suspicious (64%),0.6416
21:17:39,72,Authentic (72%),0.7262
21:17:39,76,Authentic (76%),0.7627
21:17:40,73,Authentic (73%),0.7318
21:17:40,79,Authentic (79%),0.7997
21:17:40,73,Authentic (73%),0.7335
21:17:41,79,Authentic (79%),0.7979
21:17:41,79,Authentic (79%),0.7909
21:17:41,83,Authentic (83%),0.8397
21:17:41,79,Authentic (79%),0.7932
21:17:42,75,Authentic (75%),0.7595
21:17:42,84,Authentic (84%),0.8406
21:17:42,87,Authentic (87%),0.8781
21:17:43,89,Authentic (89%),0.893
21:17:43,75,Authentic (75%),0.7502
21:17:43,92,Authentic (92%),0.9222
21:17:44,96,Authentic (96%),0.96
21:17:44,96,Authentic (96%),0.96
21:17:44,96,Authentic (96%),0.96
21:17:45,96,Authentic (96%),0.96
21:17:45,61,Suspicious (61%),0.619
21:17:45,60,Suspicious (60%),0.6069
21:17:45,71,Authentic (71%),0.7163
21:17:46,87,Authentic (87%),0.8706
21:17:46,96,Authentic (96%),0.96
21:17:46,96,Authentic (96%),0.96
21:17:47,96,Authentic (96%),0.96
21:17:47,89,Authentic (89%),0.8957
21:17:47,68,Authentic (68%),0.6889
21:17:48,81,Authentic (81%),0.8138
21:17:48,65,Authentic (65%),0.6549
21:17:48,75,Authentic (75%),0.7514
21:17:49,96,Authentic (96%),0.96
21:17:49,80,Authentic (80%),0.8019
21:17:49,76,Authentic (76%),0.7639
21:17:49,86,Authentic (86%),0.8695
21:17:50,94,Authentic (94%),0.9458
21:17:50,88,Authentic (88%),0.8809
21:17:50,68,Authentic (68%),0.6867
21:17:51,66,Authentic (66%),0.6637
21:17:51,68,Authentic (68%),0.6851
21:17:51,73,Authentic (73%),0.7373
21:17:52,75,Authentic (75%),0.7565
21:17:52,75,Authentic (75%),0.7562
21:17:52,87,Authentic (87%),0.8706
21:17:53,96,Authentic (96%),0.96
21:17:53,96,Authentic (96%),0.96
21:17:53,96,Authentic (96%),0.96
21:17:54,96,Authentic (96%),0.96
21:17:54,96,Authentic (96%),0.96
21:17:54,96,Authentic (96%),0.96
21:17:54,96,Authentic (96%),0.96
21:17:55,96,Authentic (96%),0.96
21:17:55,96,Authentic (96%),0.96
21:17:55,96,Authentic (96%),0.96
21:17:56,90,Authentic (90%),0.9052
21:17:56,96,Authentic (96%),0.96
21:17:56,89,Authentic (89%),0.8936
21:17:57,96,Authentic (96%),0.96
21:17:57,95,Authentic (95%),0.9597
21:17:57,96,Authentic (96%),0.96
21:17:58,96,Authentic (96%),0.96
21:17:58,96,Authentic (96%),0.96
21:17:58,87,Authentic (87%),0.8732
21:17:58,96,Authentic (96%),0.96
21:17:59,96,Authentic (96%),0.96
21:17:59,96,Authentic (96%),0.96
21:17:59,85,Authentic (85%),0.8568
21:18:00,83,Authentic (83%),0.8369
21:18:00,92,Authentic (92%),0.9234
21:18:00,91,Authentic (91%),0.9162
21:18:01,93,Authentic (93%),0.9334
21:18:01,92,Authentic (92%),0.9296
21:18:01,95,Authentic (95%),0.9524
21:18:02,90,Authentic (90%),0.9099
21:18:02,77,Authentic (77%),0.7784
21:18:02,89,Authentic (89%),0.8997
21:18:02,82,Authentic (82%),0.8235
21:18:03,96,Authentic (96%),0.96
21:18:03,96,Authentic (96%),0.96
21:18:03,96,Authentic (96%),0.96
21:18:04,96,Authentic (96%),0.96
21:18:04,96,Authentic (96%),0.96
21:18:04,96,Authentic (96%),0.96
21:18:05,96,Authentic (96%),0.96
21:18:05,96,Authentic (96%),0.96
21:18:05,96,Authentic (96%),0.96
21:18:06,96,Authentic (96%),0.96
21:18:06,96,Authentic (96%),0.96
21:18:06,96,Authentic (96%),0.96
21:18:06,96,Authentic (96%),0.96
21:18:07,96,Authentic (96%),0.96
21:18:07,96,Authentic (96%),0.96
21:18:07,96,Authentic (96%),0.96
21:18:08,96,Authentic (96%),0.96
21:18:08,96,Authentic (96%),0.96
21:18:08,78,Authentic (78%),0.7839
21:18:09,96,Authentic (96%),0.96
21:18:09,88,Authentic (88%),0.8804
21:18:09,86,Authentic (86%),0.8609
21:18:10,79,Authentic (79%),0.7914
21:18:10,79,Authentic (79%),0.7938
21:18:10,96,Authentic (96%),0.96
21:18:11,96,Authentic (96%),0.96
21:18:11,96,Authentic (96%),0.96
21:18:11,96,Authentic (96%),0.96
21:18:11,89,Authentic (89%),0.8907
21:18:12,96,Authentic (96%),0.96
21:18:12,86,Authentic (86%),0.8687
21:18:12,76,Authentic (76%),0.761
21:18:13,96,Authentic (96%),0.96
21:18:13,96,Authentic (96%),0.96
21:18:13,96,Authentic (96%),0.96
21:18:14,96,Authentic (96%),0.96
21:18:14,96,Authentic (96%),0.96
21:18:14,96,Authentic (96%),0.96
21:18:15,96,Authentic (96%),0.96
21:18:15,83,Authentic (83%),0.8361
21:18:15,96,Authentic (96%),0.96
21:18:16,96,Authentic (96%),0.96
21:18:16,96,Authentic (96%),0.96
21:18:16,96,Authentic (96%),0.96
21:18:16,96,Authentic (96%),0.96
21:18:17,96,Authentic (96%),0.96
21:18:17,96,Authentic (96%),0.96
21:18:17,96,Authentic (96%),0.96
21:18:18,96,Authentic (96%),0.96
21:18:18,96,Authentic (96%),0.96
21:18:18,96,Authentic (96%),0.96
21:18:19,96,Authentic (96%),0.96
21:18:19,96,Authentic (96%),0.96
21:18:19,93,Authentic (93%),0.9398
21:18:20,96,Authentic (96%),0.96
21:18:20,89,Authentic (89%),0.8909
21:18:20,86,Authentic (86%),0.8609
21:18:20,96,Authentic (96%),0.96
21:18:21,96,Authentic (96%),0.96
21:18:21,96,Authentic (96%),0.96
21:18:21,96,Authentic (96%),0.96
21:18:22,96,Authentic (96%),0.96
21:18:22,96,Authentic (96%),0.96
21:18:22,96,Authentic (96%),0.96
21:18:23,96,Authentic (96%),0.96
21:18:23,96,Authentic (96%),0.96
21:18:23,96,Authentic (96%),0.96
21:18:24,96,Authentic (96%),0.96
21:18:24,96,Authentic (96%),0.96
21:18:24,96,Authentic (96%),0.96
21:18:25,96,Authentic (96%),0.96
21:18:25,96,Authentic (96%),0.96
21:18:25,96,Authentic (96%),0.96
21:18:25,96,Authentic (96%),0.96
21:18:26,96,Authentic (96%),0.96
21:18:26,96,Authentic (96%),0.96
21:18:26,96,Authentic (96%),0.96
21:18:27,96,Authentic (96%),0.96
21:18:27,96,Authentic (96%),0.96
21:18:27,96,Authentic (96%),0.96
21:18:28,96,Authentic (96%),0.96
21:18:28,96,Authentic (96%),0.96
21:18:28,96,Authentic (96%),0.96
21:18:29,96,Authentic (96%),0.96
21:18:29,96,Authentic (96%),0.96
21:18:29,96,Authentic (96%),0.96
21:18:29,96,Authentic (96%),0.96
21:18:30,96,Authentic (96%),0.96
21:18:30,96,Authentic (96%),0.96
21:18:30,96,Authentic (96%),0.96
21:18:31,96,Authentic (96%),0.96
21:18:31,96,Authentic (96%),0.96
21:18:31,96,Authentic (96%),0.96
21:18:32,96,Authentic (96%),0.96
21:18:32,96,Authentic (96%),0.96
21:18:32,87,Authentic (87%),0.8776
21:18:33,96,Authentic (96%),0.96
21:18:33,90,Authentic (90%),0.9064
21:18:33,96,Authentic (96%),0.96
21:18:34,96,Authentic (96%),0.96
21:18:34,96,Authentic (96%),0.96
21:18:34,96,Authentic (96%),0.96
21:18:34,96,Authentic (96%),0.96
21:18:35,96,Authentic (96%),0.96
21:18:35,96,Authentic (96%),0.96
21:18:35,96,Authentic (96%),0.96
21:18:36,96,Authentic (96%),0.96
21:18:36,96,Authentic (96%),0.96
21:18:36,96,Authentic (96%),0.96
21:18:37,96,Authentic (96%),0.96
21:18:37,96,Authentic (96%),0.96
21:18:37,96,Authentic (96%),0.96
21:18:38,96,Authentic (96%),0.96
21:18:38,96,Authentic (96%),0.96
21:18:38,94,Authentic (94%),0.947
21:18:38,96,Authentic (96%),0.96
21:18:39,96,Authentic (96%),0.96
21:18:39,96,Authentic (96%),0.96
21:18:39,96,Authentic (96%),0.96
21:18:40,96,Authentic (96%),0.96
21:18:40,96,Authentic (96%),0.96
21:18:40,96,Authentic (96%),0.96
21:18:41,96,Authentic (96%),0.96
21:18:41,96,Authentic (96%),0.96
21:18:41,96,Authentic (96%),0.96
21:18:42,96,Authentic (96%),0.96
21:18:42,96,Authentic (96%),0.96
21:18:42,96,Authentic (96%),0.96
21:18:43,96,Authentic (96%),0.96
21:18:43,96,Authentic (96%),0.96
21:18:43,96,Authentic (96%),0.96
21:18:43,96,Authentic (96%),0.96
21:18:44,96,Authentic (96%),0.96
21:18:44,96,Authentic (96%),0.96
21:18:44,96,Authentic (96%),0.96
21:18:45,96,Authentic (96%),0.96
21:18:45,94,Authentic (94%),0.9494
21:18:45,96,Authentic (96%),0.96
21:18:46,96,Authentic (96%),0.96
21:18:46,96,Authentic (96%),0.96
21:18:46,96,Authentic (96%),0.96
21:18:47,96,Authentic (96%),0.96
21:18:47,96,Authentic (96%),0.96
21:18:47,96,Authentic (96%),0.96
21:18:47,96,Authentic (96%),0.96
21:18:48,96,Authentic (96%),0.96
21:18:48,96,Authentic (96%),0.96
21:18:48,96,Authentic (96%),0.96
21:18:49,96,Authentic (96%),0.96
21:18:49,96,Authentic (96%),0.96
21:18:49,96,Authentic (96%),0.96
21:18:50,96,Authentic (96%),0.96
21:18:50,96,Authentic (96%),0.96
21:18:50,96,Authentic (96%),0.96
21:18:51,96,Authentic (96%),0.96
21:18:51,96,Authentic (96%),0.96
21:18:51,96,Authentic (96%),0.96
21:18:52,96,Authentic (96%),0.96
21:18:52,96,Authentic (96%),0.96
21:18:52,96,Authentic (96%),0.96
21:18:52,96,Authentic (96%),0.96
21:18:53,95,Authentic (95%),0.9564
21:18:53,96,Authentic (96%),0.96
21:18:53,96,Authentic (96%),0.96
21:18:54,96,Authentic (96%),0.96
21:18:54,96,Authentic (96%),0.96
21:18:54,96,Authentic (96%),0.96
21:18:55,96,Authentic (96%),0.96
21:18:55,96,Authentic (96%),0.96
21:18:55,96,Authentic (96%),0.96
21:18:56,74,Authentic (74%),0.749
21:18:56,79,Authentic (79%),0.7944
21:18:56,58,Suspicious (58%),0.585
21:18:56,77,Authentic (77%),0.7706
21:18:57,71,Authentic (71%),0.7147
21:18:57,95,Authentic (95%),0.9541
21:18:57,86,Authentic (86%),0.8697
21:18:58,58,Suspicious (58%),0.585
21:18:58,63,Suspicious (63%),0.6376
21:18:58,64,Suspicious (64%),0.6433
21:18:59,96,Authentic (96%),0.96
21:18:59,95,Authentic (95%),0.9516
21:18:59,96,Authentic (96%),0.96
21:19:00,96,Authentic (96%),0.96
21:19:00,96,Authentic (96%),0.96
21:19:00,96,Authentic (96%),0.96
21:19:01,72,Authentic (72%),0.7259
21:19:01,78,Authentic (78%),0.7829
21:19:01,67,Authentic (67%),0.6759
21:19:01,73,Authentic (73%),0.731
21:19:02,96,Authentic (96%),0.96
21:19:02,71,Authentic (71%),0.7123
21:19:02,86,Authentic (86%),0.8665
21:19:03,96,Authentic (96%),0.96
21:19:03,91,Authentic (91%),0.9118
21:19:03,96,Authentic (96%),0.96
21:19:04,82,Authentic (82%),0.8294
21:19:04,96,Authentic (96%),0.96
21:19:04,86,Authentic (86%),0.8671
21:19:05,96,Authentic (96%),0.96
21:19:05,74,Authentic (74%),0.7418
21:19:05,79,Authentic (79%),0.7941
21:19:05,96,Authentic (96%),0.96
21:19:06,96,Authentic (96%),0.96
21:19:06,90,Authentic (90%),0.9083
21:19:06,96,Authentic (96%),0.96
21:19:07,77,Authentic (77%),0.7743
21:19:07,58,Suspicious (58%),0.585
21:19:07,79,Authentic (79%),0.7909
21:19:08,71,Authentic (71%),0.7127
21:19:08,69,Authentic (69%),0.6915
21:19:08,96,Authentic (96%),0.96
21:19:09,83,Authentic (83%),0.8314
21:19:09,96,Authentic (96%),0.96
21:19:09,85,Authentic (85%),0.8588
21:19:10,80,Authentic (80%),0.8066
21:19:10,88,Authentic (88%),0.8868
21:19:10,80,Authentic (80%),0.8087
21:19:10,86,Authentic (86%),0.8606
21:19:11,58,Suspicious (58%),0.585
21:19:11,58,Suspicious (58%),0.585
21:19:11,81,Authentic (81%),0.8105
21:19:12,86,Authentic (86%),0.8645
21:19:12,74,Authentic (74%),0.7477
21:19:12,73,Authentic (73%),0.7355
21:19:13,96,Authentic (96%),0.96
21:19:13,85,Authentic (85%),0.8541
21:19:13,84,Authentic (84%),0.8464
21:19:14,91,Authentic (91%),0.914
21:19:14,96,Authentic (96%),0.96
21:19:14,96,Authentic (96%),0.96
21:19:14,76,Authentic (76%),0.7627
21:19:15,66,Authentic (66%),0.6661
21:19:15,65,Authentic (65%),0.652
21:19:15,70,Authentic (70%),0.7037
21:19:16,96,Authentic (96%),0.96
21:19:16,96,Authentic (96%),0.96
21:19:16,92,Authentic (92%),0.9236
21:19:17,96,Authentic (96%),0.96
21:19:17,96,Authentic (96%),0.96
21:19:17,96,Authentic (96%),0.96
21:19:18,96,Authentic (96%),0.96
21:19:18,82,Authentic (82%),0.8284
21:19:18,95,Authentic (95%),0.9575
21:19:19,58,Suspicious (Static Face),0.585
21:19:19,58,Suspicious (Static Face),0.585
21:19:20,58,Suspicious (Static Face),0.585
21:19:21,58,Suspicious (58%),0.585
21:19:21,68,Authentic (68%),0.6825
21:19:21,77,Authentic (77%),0.7722
21:19:22,85,Authentic (85%),0.8589
21:19:22,96,Authentic (96%),0.96
21:19:22,96,Authentic (96%),0.96
21:19:23,92,Authentic (92%),0.9253
21:19:23,93,Authentic (93%),0.9341
21:19:23,64,Suspicious (64%),0.6455
21:19:23,94,Authentic (94%),0.9443
21:19:24,91,Authentic (91%),0.9195
21:19:24,58,Suspicious (58%),0.585
21:19:25,58,Suspicious (Static Face),0.585
21:19:26,58,Suspicious (Static Face),0.585
21:19:26,58,Suspicious (Static Face),0.585
21:19:26,60,Suspicious (60%),0.6097
21:19:27,77,Authentic (77%),0.7707
21:19:34,65,Authentic (65%),0.656
21:19:34,61,Suspicious (61%),0.6178
21:19:35,68,Authentic (68%),0.6812
21:19:35,74,Authentic (74%),0.7497
21:19:35,80,Authentic (80%),0.8037
21:19:36,83,Authentic (83%),0.8313
21:19:36,96,Authentic (96%),0.96
21:19:36,96,Authentic (96%),0.96
21:19:36,96,Authentic (96%),0.96
21:19:37,95,Authentic (95%),0.9549
21:19:37,81,Authentic (81%),0.813
21:19:37,78,Authentic (78%),0.7866
21:19:38,67,Authentic (67%),0.6719
21:19:38,68,Authentic (68%),0.6861
21:19:38,69,Authentic (69%),0.6965
21:19:39,70,Authentic (70%),0.7052
21:19:39,81,Authentic (81%),0.8156
21:19:39,71,Authentic (71%),0.712
21:19:40,72,Authentic (72%),0.7216
21:19:40,93,Authentic (93%),0.9382
21:19:40,96,Authentic (96%),0.96
21:19:41,96,Authentic (96%),0.96
21:19:41,96,Authentic (96%),0.96
21:19:41,96,Authentic (96%),0.96
21:19:41,96,Authentic (96%),0.96
21:19:42,96,Authentic (96%),0.96
21:21:45,96,Authentic (96%),0.96
21:21:45,82,Authentic (82%),0.8247
21:21:46,83,Authentic (83%),0.8367
21:21:46,88,Authentic (88%),0.8836
21:21:46,73,Authentic (73%),0.7343
21:21:46,62,Suspicious (62%),0.6264
21:21:47,64,Suspicious (64%),0.649
21:21:47,69,Authentic (69%),0.6971
21:21:47,89,Authentic (89%),0.8941
21:21:48,87,Authentic (87%),0.8794
21:21:48,89,Authentic (89%),0.8928
21:21:48,89,Authentic (89%),0.8928
21:21:49,82,Authentic (82%),0.824
21:21:49,79,Authentic (79%),0.7957
21:21:49,87,Authentic (87%),0.8759
21:21:50,96,Authentic (96%),0.96
21:21:50,96,Authentic (96%),0.96
21:21:50,96,Authentic (96%),0.96
21:21:51,76,Authentic (76%),0.766
21:21:51,67,Authentic (67%),0.672
21:21:51,69,Authentic (69%),0.6931
21:21:51,85,Authentic (85%),0.8552
21:21:52,77,Authentic (77%),0.7737
21:21:52,83,Authentic (83%),0.8348
21:21:52,81,Authentic (81%),0.8188
21:21:53,88,Authentic (88%),0.8824
21:21:53,96,Authentic (96%),0.96
21:21:53,96,Authentic (96%),0.96
21:21:54,96,Authentic (96%),0.96
21:21:54,83,Authentic (83%),0.8371
21:21:54,94,Authentic (94%),0.941
21:21:55,92,Authentic (92%),0.9234
21:21:55,96,Authentic (96%),0.96
21:21:55,96,Authentic (96%),0.96
21:21:55,96,Authentic (96%),0.96
21:21:56,96,Authentic (96%),0.96
21:26:03,70,Authentic (70%),0.7045
21:26:03,88,Authentic (88%),0.8843
21:26:04,64,Suspicious (64%),0.6496
21:26:04,61,Suspicious (61%),0.6157
21:26:04,58,Suspicious (58%),0.585
21:26:04,60,Suspicious (60%),0.6075
21:26:05,65,Authentic (65%),0.6579
21:26:05,62,Suspicious (62%),0.6226
21:26:05,66,Authentic (66%),0.6637
21:26:06,67,Authentic (67%),0.6737
21:26:06,89,Authentic (89%),0.8945
21:26:06,79,Authentic (79%),0.7943
21:26:07,83,Authentic (83%),0.8338
21:26:07,60,Suspicious (60%),0.608
21:26:07,96,Authentic (96%),0.96
21:26:08,84,Authentic (84%),0.8402
21:26:08,96,Authentic (96%),0.96
21:26:08,74,Authentic (74%),0.7498
21:26:08,64,Suspicious (64%),0.6486
21:26:09,67,Authentic (67%),0.6754
21:26:09,68,Authentic (68%),0.6803
21:26:09,88,Authentic (88%),0.8846
21:26:10,79,Authentic (79%),0.7949
21:26:10,74,Authentic (74%),0.7492
21:26:10,82,Authentic (82%),0.8202
21:26:11,65,Authentic (65%),0.6527
21:26:11,59,Suspicious (59%),0.5982
21:26:11,58,Suspicious (58%),0.585
21:26:12,63,Suspicious (63%),0.6396
21:26:12,79,Authentic (79%),0.7921
21:26:12,83,Authentic (83%),0.8344
21:26:12,77,Authentic (77%),0.7783
21:26:13,75,Authentic (75%),0.7549
21:26:13,71,Authentic (71%),0.7128
21:26:13,85,Authentic (85%),0.8571
21:26:14,96,Authentic (96%),0.96
21:26:14,80,Authentic (80%),0.8029
21:26:14,81,Authentic (81%),0.8153
21:26:15,90,Authentic (90%),0.9025
21:26:15,96,Authentic (96%),0.96
21:26:15,70,Authentic (70%),0.7059
21:26:16,96,Authentic (96%),0.96
21:26:16,96,Authentic (96%),0.96
21:26:16,82,Authentic (82%),0.8285
21:26:17,70,Authentic (70%),0.7086
21:26:17,71,Authentic (71%),0.7133
21:26:17,71,Authentic (71%),0.7199
21:26:17,82,Authentic (82%),0.8276
21:26:18,87,Authentic (87%),0.8732
21:26:18,83,Authentic (83%),0.8379
21:26:18,85,Authentic (85%),0.858
21:26:19,95,Authentic (95%),0.9559
21:26:19,96,Authentic (96%),0.96
21:26:19,94,Authentic (94%),0.9437
21:26:20,88,Authentic (88%),0.8869
21:26:20,88,Authentic (88%),0.8843
21:26:20,83,Authentic (83%),0.8391
21:26:21,90,Authentic (90%),0.904
21:26:21,94,Authentic (94%),0.9406
21:26:21,59,Suspicious (59%),0.5967
21:26:21,59,Suspicious (59%),0.5901
21:26:22,83,Authentic (83%),0.8323
21:26:22,85,Authentic (85%),0.8533
21:26:22,74,Authentic (74%),0.7431
21:26:23,63,Suspicious (63%),0.6376
21:26:23,75,Authentic (75%),0.7554
21:26:23,71,Authentic (71%),0.7193
21:26:24,68,Authentic (68%),0.6897
21:26:24,83,Authentic (83%),0.8373
21:26:24,66,Authentic (66%),0.6668
21:26:25,96,Authentic (96%),0.96
21:26:25,96,Authentic (96%),0.96
21:26:25,96,Authentic (96%),0.96
21:26:25,89,Authentic (89%),0.8906
21:26:26,96,Authentic (96%),0.96
21:26:26,96,Authentic (96%),0.96
21:26:26,96,Authentic (96%),0.96
21:26:27,96,Authentic (96%),0.96
21:26:27,96,Authentic (96%),0.96
21:26:27,96,Authentic (96%),0.96
21:26:38,82,Authentic (82%),0.8221
21:26:38,75,Authentic (75%),0.7538
21:26:38,80,Authentic (80%),0.8096
21:26:38,76,Authentic (76%),0.7608
21:26:39,89,Authentic (89%),0.8902
21:26:39,96,Authentic (96%),0.96
21:26:39,96,Authentic (96%),0.96
21:26:48,90,Authentic (90%),0.92
21:26:48,87,Authentic (87%),0.73
21:26:49,84,Authentic (84%),0.61
21:26:49,87,Authentic (87%),0.76
21:26:49,87,Authentic (87%),0.79
21:26:50,88,Authentic (88%),0.85
21:26:50,88,Authentic (88%),0.84
21:26:50,89,Authentic (89%),0.89
21:26:51,86,Authentic (86%),0.71
21:26:51,86,Authentic (86%),0.75
21:26:51,84,Authentic (84%),0.63
21:26:51,84,Authentic (84%),0.55
21:26:56,87,Authentic (87%),0.72
21:26:57,90,Authentic (90%),0.82
21:26:57,87,Authentic (87%),0.67
21:26:57,89,Authentic (89%),0.79
21:26:58,91,Authentic (91%),0.86
21:26:58,92,Authentic (92%),0.91
21:26:58,92,Authentic (92%),0.93
21:26:59,93,Authentic (93%),0.95
21:26:59,93,Authentic (93%),0.96
21:26:59,93,Authentic (93%),0.97
21:27:00,93,Authentic (93%),0.97
21:27:00,93,Authentic (93%),0.97
21:27:00,93,Authentic (93%),0.97
21:27:01,93,Authentic (93%),0.97
21:27:01,93,Authentic (93%),0.97
21:27:01,93,Authentic (93%),0.97
21:27:02,89,Authentic (89%),0.76
21:27:02,87,Authentic (87%),0.64
21:27:03,89,Authentic (89%),0.77
21:27:03,91,Authentic (91%),0.85
21:27:03,92,Authentic (92%),0.9
21:27:03,92,Authentic (92%),0.93
21:27:05,88,Authentic (88%),0.74
21:27:06,88,Authentic (88%),0.78
21:27:06,88,Authentic (88%),0.8
21:27:06,89,Authentic (89%),0.87
21:27:07,89,Authentic (89%),0.87
21:27:07,90,Authentic (90%),0.91
21:27:07,90,Authentic (90%),0.94
21:27:07,82,Authentic (82%),0.86
21:27:08,80,Authentic (80%),0.69
21:27:48,79,Authentic (79%),0.59
21:27:48,75,Authentic (75%),0.53
21:27:48,80,Authentic (80%),0.67
21:27:49,77,Authentic (77%),0.77
21:27:49,76,Authentic (76%),0.85
21:27:49,75,Authentic (75%),0.88
21:27:50,81,Authentic (81%),0.89
21:27:50,85,Authentic (85%),0.92
21:27:50,88,Authentic (88%),0.94
21:27:51,88,Authentic (88%),0.94
21:27:51,78,Authentic (78%),0.74
21:27:53,80,Authentic (80%),0.62
21:27:53,81,Authentic (81%),0.55
21:27:53,86,Authentic (86%),0.72
21:27:54,89,Authentic (89%),0.82
21:27:54,90,Authentic (90%),0.88
21:27:54,91,Authentic (91%),0.89
21:27:55,86,Authentic (86%),0.71
21:27:55,85,Authentic (85%),0.76
21:27:55,86,Authentic (86%),0.84
21:27:55,89,Authentic (89%),0.87
21:27:56,90,Authentic (90%),0.88
21:27:56,86,Authentic (86%),0.71
21:27:56,88,Authentic (88%),0.8
21:27:57,89,Authentic (89%),0.87
21:27:57,90,Authentic (90%),0.91
21:27:57,90,Authentic (90%),0.9
21:27:58,87,Authentic (87%),0.72
21:27:58,89,Authentic (89%),0.8
21:27:58,90,Authentic (90%),0.84
21:27:59,90,Authentic (90%),0.89
21:27:59,87,Authentic (87%),0.71
21:27:59,89,Authentic (89%),0.8
21:27:59,86,Authentic (86%),0.66
21:28:00,84,Authentic (84%),0.57
21:28:00,86,Authentic (86%),0.66
21:28:00,88,Authentic (88%),0.77
21:28:01,88,Authentic (88%),0.81
21:28:01,89,Authentic (89%),0.85
21:28:01,88,Authentic (88%),0.85
21:28:02,86,Authentic (86%),0.69
21:28:02,84,Authentic (84%),0.59
21:28:02,86,Authentic (86%),0.67
21:28:05,82,Authentic (82%),0.58
21:28:05,81,Authentic (81%),0.53
21:28:06,83,Authentic (83%),0.67
21:28:06,86,Authentic (86%),0.76
21:28:06,87,Authentic (87%),0.85
21:28:07,89,Authentic (89%),0.88
21:28:07,86,Authentic (86%),0.71
21:28:07,89,Authentic (89%),0.8
21:28:08,90,Authentic (90%),0.87
21:28:08,91,Authentic (91%),0.9
21:28:08,92,Authentic (92%),0.93
21:28:08,92,Authentic (92%),0.94
21:28:09,93,Authentic (93%),0.96
21:28:09,88,Authentic (88%),0.75
21:28:09,86,Authentic (86%),0.63
21:28:10,83,Authentic (83%),0.56
21:28:10,86,Authentic (86%),0.72
21:28:10,85,Authentic (85%),0.61
21:28:11,88,Authentic (88%),0.76
21:28:11,85,Authentic (85%),0.63
21:28:11,85,Authentic (85%),0.72
21:28:12,87,Authentic (87%),0.82
21:28:12,88,Authentic (88%),0.88
21:28:12,88,Authentic (88%),0.92
21:28:13,90,Authentic (90%),0.94
21:28:13,91,Authentic (91%),0.95
21:28:13,91,Authentic (91%),0.96
21:28:13,90,Authentic (90%),0.89
21:28:14,91,Authentic (91%),0.89
21:28:14,87,Authentic (87%),0.71
21:28:14,88,Authentic (88%),0.78
21:28:15,89,Authentic (89%),0.8
21:28:15,86,Authentic (86%),0.66
21:28:15,84,Authentic (84%),0.57
21:28:16,87,Authentic (87%),0.72
21:28:16,85,Authentic (85%),0.61
21:28:16,84,Authentic (84%),0.55
21:28:17,83,Authentic (83%),0.51
21:28:17,84,Authentic (84%),0.63
21:28:17,86,Authentic (86%),0.7
21:28:17,86,Authentic (86%),0.75
21:28:18,86,Authentic (86%),0.79
21:28:18,88,Authentic (88%),0.82
21:28:18,88,Authentic (88%),0.86
21:28:19,86,Authentic (86%),0.83
21:28:19,86,Authentic (86%),0.81
21:28:19,87,Authentic (87%),0.82
21:28:20,83,Authentic (83%),0.67
21:28:20,82,Authentic (82%),0.58
21:28:20,85,Authentic (85%),0.71
21:28:21,84,Authentic (84%),0.6
21:28:21,83,Authentic (83%),0.54
21:28:21,85,Authentic (85%),0.67
21:28:21,88,Authentic (88%),0.77
21:28:22,89,Authentic (89%),0.84
21:28:22,87,Authentic (87%),0.81
21:28:22,86,Authentic (86%),0.81
21:28:23,86,Authentic (86%),0.81
21:28:23,84,Authentic (84%),0.66
21:28:23,86,Authentic (86%),0.72
21:28:24,87,Authentic (87%),0.75
21:28:24,88,Authentic (88%),0.82
21:28:24,90,Authentic (90%),0.88
21:28:25,91,Authentic (91%),0.92
21:28:25,87,Authentic (87%),0.73
21:28:25,85,Authentic (85%),0.62
21:28:26,83,Authentic (83%),0.55
21:28:26,82,Authentic (82%),0.51
21:28:26,82,Authentic (82%),0.48
21:28:26,85,Authentic (85%),0.64
21:28:27,87,Authentic (87%),0.78
21:28:27,88,Authentic (88%),0.82
21:28:27,88,Authentic (88%),0.84
21:28:28,90,Authentic (90%),0.89
21:28:28,88,Authentic (88%),0.87
21:28:28,81,Authentic (81%),0.7
21:28:29,78,Authentic (78%),0.78
21:28:29,80,Authentic (80%),0.65
21:28:29,83,Authentic (83%),0.72
21:28:30,86,Authentic (86%),0.8
21:28:30,85,Authentic (85%),0.66
21:28:30,88,Authentic (88%),0.77
21:28:30,90,Authentic (90%),0.85
21:28:31,91,Authentic (91%),0.9
21:28:31,92,Authentic (92%),0.93
21:28:31,87,Authentic (87%),0.74
21:28:32,88,Authentic (88%),0.78
21:28:32,88,Authentic (88%),0.83
21:28:32,89,Authentic (89%),0.87
21:28:33,89,Authentic (89%),0.88
21:28:33,89,Authentic (89%),0.88
21:28:33,89,Authentic (89%),0.88
21:28:34,89,Authentic (89%),0.9
21:28:34,89,Authentic (89%),0.87
21:28:34,90,Authentic (90%),0.88
21:28:34,90,Authentic (90%),0.89
21:28:35,88,Authentic (88%),0.86
21:28:35,88,Authentic (88%),0.85
21:28:35,88,Authentic (88%),0.9
21:28:36,88,Authentic (88%),0.9
21:28:36,88,Authentic (88%),0.92
21:28:36,86,Authentic (86%),0.87
21:28:37,86,Authentic (86%),0.86
21:28:37,86,Authentic (86%),0.9
21:28:37,86,Authentic (86%),0.91
21:28:38,82,Authentic (82%),0.72
21:28:38,83,Authentic (83%),0.61
21:28:40,85,Authentic (85%),0.65
21:28:40,84,Authentic (84%),0.57
21:28:41,85,Authentic (85%),0.59
21:28:41,84,Authentic (84%),0.53
21:28:41,88,Authentic (88%),0.71
21:28:42,90,Authentic (90%),0.81
21:28:42,91,Authentic (91%),0.88
21:28:42,92,Authentic (92%),0.92
21:28:43,88,Authentic (88%),0.73
21:28:43,85,Authentic (85%),0.62
21:28:43,88,Authentic (88%),0.76
21:28:43,90,Authentic (90%),0.85
21:28:44,91,Authentic (91%),0.9
21:28:44,91,Authentic (91%),0.93
21:28:44,91,Authentic (91%),0.92
21:32:18,88,Authentic (88%),0.997
21:32:20,84,Authentic (84%),0.92
21:32:49,88,Authentic (88%),0.997
21:32:51,79,Suspicious (Static Face / Replay),0.67
21:33:41,81,Authentic (81%),0.58
21:33:41,86,Authentic (86%),0.74
21:33:42,89,Authentic (89%),0.83
21:33:42,90,Authentic (90%),0.86
21:33:42,90,Authentic (90%),0.88
21:33:42,91,Authentic (91%),0.91
21:33:43,91,Authentic (91%),0.9
21:33:43,92,Authentic (92%),0.93
21:33:43,92,Authentic (92%),0.95
21:33:44,93,Authentic (93%),0.96
21:33:44,88,Authentic (88%),0.75
21:33:44,87,Authentic (87%),0.74
21:33:45,85,Authentic (85%),0.62
21:33:45,84,Authentic (84%),0.55
21:33:47,74,Authentic (74%),0.51
21:33:47,72,Authentic (72%),0.48
21:33:48,72,Authentic (72%),0.66
21:33:48,80,Authentic (80%),0.78
21:33:48,81,Authentic (81%),0.65
21:33:49,86,Authentic (86%),0.77
21:33:49,88,Authentic (88%),0.83
21:33:49,90,Authentic (90%),0.89
21:33:50,80,Authentic (80%),0.71
21:33:56,80,Authentic (80%),0.6
21:33:56,84,Authentic (84%),0.7
21:33:56,87,Authentic (87%),0.8
21:33:57,90,Authentic (90%),0.87
21:33:57,91,Authentic (91%),0.9
21:33:57,92,Authentic (92%),0.93
21:33:58,92,Authentic (92%),0.91
21:33:58,92,Authentic (92%),0.94
21:33:58,93,Authentic (93%),0.95
21:33:59,87,Authentic (87%),0.75
21:33:59,87,Authentic (87%),0.8
21:33:59,89,Authentic (89%),0.87
21:34:00,90,Authentic (90%),0.91
21:34:00,90,Authentic (90%),0.94
21:34:00,88,Authentic (88%),0.87
21:34:00,87,Authentic (87%),0.85
21:34:01,88,Authentic (88%),0.83
21:34:01,89,Authentic (89%),0.85
21:34:01,87,Authentic (87%),0.83
21:34:02,87,Authentic (87%),0.79
21:34:02,87,Authentic (87%),0.81
21:34:02,86,Authentic (86%),0.8
21:34:03,87,Authentic (87%),0.79
21:34:03,89,Authentic (89%),0.86
21:34:03,90,Authentic (90%),0.91
21:34:04,89,Authentic (89%),0.88
21:34:04,86,Authentic (86%),0.71
21:34:04,84,Authentic (84%),0.6
21:34:04,82,Authentic (82%),0.54
21:34:05,84,Authentic (84%),0.66
21:34:05,86,Authentic (86%),0.75
21:34:05,83,Authentic (83%),0.63
21:34:06,86,Authentic (86%),0.75
21:34:06,85,Authentic (85%),0.63
21:34:06,88,Authentic (88%),0.77
21:34:07,86,Authentic (86%),0.64
21:34:07,82,Authentic (82%),0.56
21:34:07,84,Authentic (84%),0.66
21:34:08,86,Authentic (86%),0.74
21:34:08,87,Authentic (87%),0.79
21:34:08,88,Authentic (88%),0.86
21:34:09,89,Authentic (89%),0.86
21:34:09,85,Authentic (85%),0.7
21:34:09,86,Authentic (86%),0.79
21:34:09,83,Authentic (83%),0.65
21:34:10,84,Authentic (84%),0.69
21:34:10,85,Authentic (85%),0.72
21:34:10,87,Authentic (87%),0.79
21:34:11,84,Authentic (84%),0.65
21:34:11,87,Authentic (87%),0.77
21:34:11,87,Authentic (87%),0.76
21:34:12,88,Authentic (88%),0.81
21:34:12,88,Authentic (88%),0.81
21:34:12,88,Authentic (88%),0.86
21:34:13,87,Authentic (87%),0.88
21:34:13,87,Authentic (87%),0.84
21:34:13,88,Authentic (88%),0.88
21:34:13,89,Authentic (89%),0.92
21:34:14,88,Authentic (88%),0.86
21:34:14,88,Authentic (88%),0.86
21:34:14,88,Authentic (88%),0.88
21:34:15,88,Authentic (88%),0.87
21:34:15,88,Authentic (88%),0.88
21:34:15,89,Authentic (89%),0.9
21:34:16,89,Authentic (89%),0.9
21:34:16,89,Authentic (89%),0.91
21:34:16,89,Authentic (89%),0.9
21:34:17,89,Authentic (89%),0.87
21:34:17,85,Authentic (85%),0.7
21:34:17,83,Authentic (83%),0.6
21:34:18,85,Authentic (85%),0.69
21:34:18,84,Authentic (84%),0.59
21:34:18,85,Authentic (85%),0.68
21:34:18,84,Authentic (84%),0.58
21:34:19,86,Authentic (86%),0.67
21:34:19,82,Authentic (82%),0.58
21:34:19,84,Authentic (84%),0.69
21:34:20,82,Authentic (82%),0.59
21:34:20,82,Authentic (82%),0.53
21:34:20,85,Authentic (85%),0.65
21:34:21,87,Authentic (87%),0.76
21:34:21,84,Authentic (84%),0.64
21:34:21,86,Authentic (86%),0.72
21:34:22,86,Authentic (86%),0.74
21:34:22,88,Authentic (88%),0.79
21:34:22,89,Authentic (89%),0.86
21:34:22,86,Authentic (86%),0.69
21:34:23,83,Authentic (83%),0.59
21:34:23,83,Authentic (83%),0.53
21:34:23,81,Authentic (81%),0.5
21:34:24,83,Authentic (83%),0.63
21:34:24,85,Authentic (85%),0.77
21:34:24,86,Authentic (86%),0.85
21:34:25,87,Authentic (87%),0.84
21:34:25,86,Authentic (86%),0.82
21:34:25,87,Authentic (87%),0.83
21:34:26,88,Authentic (88%),0.87
21:34:26,89,Authentic (89%),0.9
21:34:26,90,Authentic (90%),0.93
21:34:27,90,Authentic (90%),0.93
21:34:27,90,Authentic (90%),0.94
21:34:27,90,Authentic (90%),0.9
21:34:27,89,Authentic (89%),0.85
21:34:28,89,Authentic (89%),0.88
21:34:28,90,Authentic (90%),0.9
21:34:28,91,Authentic (91%),0.93
21:34:29,91,Authentic (91%),0.93
21:34:32,90,Authentic (90%),0.92
21:34:32,91,Authentic (91%),0.93
21:34:33,91,Authentic (91%),0.95
21:34:33,91,Authentic (91%),0.96
21:34:33,91,Authentic (91%),0.96
21:41:58,88,Authentic (88%),0.997
21:42:00,85,Authentic (85%),0.76
21:42:29,88,Authentic (88%),0.997
21:42:31,79,Suspicious (Static Face / Replay),0.57
22:15:08,83,Authentic (83%),0.73
22:18:20,87,Authentic (87%),0.92
22:18:45,82,🚨 RED ALERT: Static Screen / Replay Video,0.67
22:19:17,79,🚨 RED ALERT: Static Screen / Replay Video,0.52
22:21:25,88,Authentic (88%),0.997
22:21:27,81,Authentic (81%),0.7
22:25:32,80,Authentic (80%),0.6
22:25:32,83,Authentic (83%),0.67
22:25:32,78,Authentic (78%),0.58
22:25:33,83,Authentic (83%),0.72
22:25:33,86,Authentic (86%),0.8
22:25:33,88,Authentic (88%),0.87
22:25:34,85,Authentic (85%),0.7
22:25:34,85,Authentic (85%),0.6
22:25:34,87,Authentic (87%),0.68
22:25:34,90,Authentic (90%),0.77
22:25:35,91,Authentic (91%),0.83
22:25:35,92,Authentic (92%),0.86
22:25:35,92,Authentic (92%),0.87
22:25:36,91,Authentic (91%),0.8
22:25:37,92,Authentic (92%),0.87
22:25:37,93,Authentic (93%),0.91
22:25:37,94,Authentic (94%),0.94
22:25:38,89,Authentic (89%),0.74
22:25:38,86,Authentic (86%),0.62
22:25:39,89,Authentic (89%),0.76
22:25:39,91,Authentic (91%),0.85
22:25:39,92,Authentic (92%),0.9
22:25:40,92,Authentic (92%),0.93
22:25:40,93,Authentic (93%),0.95
22:25:40,87,Authentic (87%),0.75
22:25:41,87,Authentic (87%),0.83
22:25:41,87,Authentic (87%),0.81
22:25:41,88,Authentic (88%),0.87
22:25:42,89,Authentic (89%),0.91
22:25:42,89,Authentic (89%),0.94
22:25:42,90,Authentic (90%),0.95
22:25:43,89,Authentic (89%),0.9
22:25:43,90,Authentic (90%),0.93
22:25:43,89,Authentic (89%),0.89
22:25:43,89,Authentic (89%),0.87
22:25:44,89,Authentic (89%),0.88
22:25:44,86,Authentic (86%),0.71
22:25:45,84,Authentic (84%),0.6
22:25:45,85,Authentic (85%),0.65
22:25:46,84,Authentic (84%),0.57
22:25:46,83,Authentic (83%),0.52
22:25:46,81,Authentic (81%),0.49
22:25:47,84,Authentic (84%),0.68
22:25:47,85,Authentic (85%),0.79
22:25:47,86,Authentic (86%),0.85
22:25:47,87,Authentic (87%),0.89
22:25:48,87,Authentic (87%),0.91
22:25:48,87,Authentic (87%),0.9
22:25:48,85,Authentic (85%),0.72
22:25:49,86,Authentic (86%),0.78
22:25:49,84,Authentic (84%),0.65
22:25:49,82,Authentic (82%),0.57
22:25:50,85,Authentic (85%),0.7
22:25:50,86,Authentic (86%),0.74
22:25:50,86,Authentic (86%),0.74
22:25:51,88,Authentic (88%),0.82
22:25:51,88,Authentic (88%),0.84
22:25:51,88,Authentic (88%),0.81
22:25:52,89,Authentic (89%),0.86
22:25:52,90,Authentic (90%),0.89
22:25:52,90,Authentic (90%),0.92
22:25:52,90,Authentic (90%),0.89
22:25:53,89,Authentic (89%),0.88
22:25:53,90,Authentic (90%),0.9
22:25:53,90,Authentic (90%),0.91
22:25:54,88,Authentic (88%),0.85
22:25:54,88,Authentic (88%),0.83
22:25:54,89,Authentic (89%),0.81
22:25:56,85,Authentic (85%),0.66
22:25:56,83,Authentic (83%),0.58
22:25:56,80,Authentic (80%),0.52
22:25:56,83,Authentic (83%),0.66
22:25:57,81,Authentic (81%),0.57
22:25:57,84,Authentic (84%),0.71
22:25:57,82,Authentic (82%),0.6
22:25:58,85,Authentic (85%),0.74
22:25:58,86,Authentic (86%),0.8
22:25:58,87,Authentic (87%),0.81
22:25:59,87,Authentic (87%),0.84
22:25:59,88,Authentic (88%),0.88
22:25:59,89,Authentic (89%),0.91
22:26:00,85,Authentic (85%),0.72
22:26:00,83,Authentic (83%),0.61
22:26:00,86,Authentic (86%),0.75
22:26:01,88,Authentic (88%),0.83
22:26:01,89,Authentic (89%),0.88
22:26:01,90,Authentic (90%),0.89
22:26:01,90,Authentic (90%),0.92
22:26:02,91,Authentic (91%),0.93
22:26:02,91,Authentic (91%),0.95
22:26:02,91,Authentic (91%),0.96
22:26:03,91,Authentic (91%),0.94
22:26:03,91,Authentic (91%),0.95
22:26:03,90,Authentic (90%),0.92
22:26:04,90,Authentic (90%),0.94
22:26:04,90,Authentic (90%),0.93
22:26:04,89,Authentic (89%),0.91
22:26:05,89,Authentic (89%),0.89
22:26:05,89,Authentic (89%),0.85
22:26:05,88,Authentic (88%),0.84
22:26:05,88,Authentic (88%),0.85
22:26:06,87,Authentic (87%),0.8
22:26:06,85,Authentic (85%),0.66
22:26:06,88,Authentic (88%),0.77
22:26:07,82,Authentic (82%),0.64
22:26:07,86,Authentic (86%),0.75
22:26:07,84,Authentic (84%),0.63
22:26:08,87,Authentic (87%),0.75
22:26:08,84,Authentic (84%),0.63
22:26:08,83,Authentic (83%),0.55
22:26:09,85,Authentic (85%),0.72
22:26:09,86,Authentic (86%),0.74
22:26:09,86,Authentic (86%),0.77
22:26:09,87,Authentic (87%),0.81
22:26:10,87,Authentic (87%),0.81
22:26:10,88,Authentic (88%),0.83
22:26:10,89,Authentic (89%),0.87
22:26:11,88,Authentic (88%),0.84
22:26:11,88,Authentic (88%),0.87
22:26:11,88,Authentic (88%),0.84
22:26:12,85,Authentic (85%),0.68
22:26:12,86,Authentic (86%),0.76
22:26:12,87,Authentic (87%),0.81
22:26:13,87,Authentic (87%),0.82
22:26:13,87,Authentic (87%),0.85
22:26:13,83,Authentic (83%),0.69
22:26:14,83,Authentic (83%),0.76
22:26:14,81,Authentic (81%),0.63
22:26:14,81,Authentic (81%),0.56
22:26:14,84,Authentic (84%),0.65
22:26:15,85,Authentic (85%),0.71
22:26:15,86,Authentic (86%),0.79
22:26:15,88,Authentic (88%),0.86
22:26:16,87,Authentic (87%),0.84
22:26:16,85,Authentic (85%),0.68
22:26:16,83,Authentic (83%),0.59
22:26:17,85,Authentic (85%),0.72
22:26:17,86,Authentic (86%),0.79
22:26:17,84,Authentic (84%),0.65
22:26:18,82,Authentic (82%),0.57
22:26:18,84,Authentic (84%),0.7
22:26:18,87,Authentic (87%),0.8
22:26:18,86,Authentic (86%),0.78
22:26:19,87,Authentic (87%),0.78
22:26:19,87,Authentic (87%),0.82
22:26:19,87,Authentic (87%),0.78
22:26:20,87,Authentic (87%),0.8
22:26:20,88,Authentic (88%),0.81
22:26:20,88,Authentic (88%),0.82
22:26:21,89,Authentic (89%),0.86
22:26:21,88,Authentic (88%),0.82
22:26:21,88,Authentic (88%),0.81
22:35:25,88,Authentic (88%),0.997
22:35:27,84,Authentic (84%),0.92
22:35:46,83,Authentic (83%),0.73
22:35:47,83,Authentic (83%),0.61
22:35:47,87,Authentic (87%),0.76
22:35:47,90,Authentic (90%),0.85
22:35:48,92,Authentic (92%),0.9
22:35:48,93,Authentic (93%),0.93
22:35:48,93,Authentic (93%),0.95
22:35:49,88,Authentic (88%),0.75
22:36:17,86,Authentic (86%),0.63
22:36:17,89,Authentic (89%),0.77
22:36:18,91,Authentic (91%),0.85
22:36:18,92,Authentic (92%),0.9
22:36:18,93,Authentic (93%),0.93
22:36:19,93,Authentic (93%),0.95
22:36:19,93,Authentic (93%),0.96
22:36:19,93,Authentic (93%),0.97
22:36:20,94,Authentic (94%),0.97
22:36:20,94,Authentic (94%),0.97
22:36:20,93,Authentic (93%),0.97
22:36:21,93,Authentic (93%),0.97
22:36:21,94,Authentic (94%),0.97
22:36:21,94,Authentic (94%),0.97
22:36:22,94,Authentic (94%),0.97
22:36:22,94,Authentic (94%),0.97
22:36:22,94,Authentic (94%),0.97
22:36:22,94,Authentic (94%),0.97
22:36:23,93,Authentic (93%),0.97
22:36:23,93,Authentic (93%),0.97
22:36:23,93,Authentic (93%),0.97
22:36:24,93,Authentic (93%),0.96
22:36:24,87,Authentic (87%),0.75
22:36:24,85,Authentic (85%),0.63
22:36:26,86,Authentic (86%),0.7
22:36:26,90,Authentic (90%),0.81
22:36:27,92,Authentic (92%),0.87
22:36:27,93,Authentic (93%),0.91
22:36:28,93,Authentic (93%),0.94
22:36:29,93,Authentic (93%),0.93
22:36:29,88,Authentic (88%),0.74
22:36:29,89,Authentic (89%),0.83
22:36:30,86,Authentic (86%),0.68
22:36:30,89,Authentic (89%),0.8
22:36:30,91,Authentic (91%),0.87
22:36:31,92,Authentic (92%),0.91
22:36:31,92,Authentic (92%),0.94
22:36:31,92,Authentic (92%),0.95
22:36:31,93,Authentic (93%),0.96
22:36:32,93,Authentic (93%),0.97
22:36:32,93,Authentic (93%),0.97
22:36:32,93,Authentic (93%),0.97
22:36:33,93,Authentic (93%),0.97
22:36:33,93,Authentic (93%),0.97
22:36:33,93,Authentic (93%),0.97
22:36:34,93,Authentic (93%),0.97
22:36:34,88,Authentic (88%),0.76
22:36:34,90,Authentic (90%),0.83
22:36:35,90,Authentic (90%),0.88
22:36:35,90,Authentic (90%),0.92
22:36:35,88,Authentic (88%),0.87
22:36:35,88,Authentic (88%),0.83
22:36:36,90,Authentic (90%),0.87
22:36:39,91,Authentic (91%),0.88
22:36:40,86,Authentic (86%),0.71
22:36:40,88,Authentic (88%),0.77
22:36:40,85,Authentic (85%),0.64
22:36:40,83,Authentic (83%),0.56
22:36:41,83,Authentic (83%),0.66
22:36:41,83,Authentic (83%),0.57
22:36:41,87,Authentic (87%),0.73
22:36:42,90,Authentic (90%),0.83
22:36:42,91,Authentic (91%),0.89
22:36:42,92,Authentic (92%),0.92
22:36:43,93,Authentic (93%),0.94
22:36:43,93,Authentic (93%),0.96
22:36:43,94,Authentic (94%),0.96
22:36:44,87,Authentic (87%),0.76
22:36:44,85,Authentic (85%),0.63
22:36:44,89,Authentic (89%),0.77
22:36:44,84,Authentic (84%),0.64
22:36:45,86,Authentic (86%),0.71
22:36:45,87,Authentic (87%),0.73
22:36:45,85,Authentic (85%),0.62
22:36:46,84,Authentic (84%),0.55
22:36:46,87,Authentic (87%),0.7
22:36:46,89,Authentic (89%),0.8
22:36:47,90,Authentic (90%),0.86
22:36:47,91,Authentic (91%),0.9
22:36:47,87,Authentic (87%),0.72
22:36:48,85,Authentic (85%),0.61
22:36:48,88,Authentic (88%),0.75
22:36:48,90,Authentic (90%),0.84
22:36:48,91,Authentic (91%),0.89
22:36:49,92,Authentic (92%),0.9
22:36:49,92,Authentic (92%),0.93
22:36:49,86,Authentic (86%),0.74
22:36:50,85,Authentic (85%),0.62
22:36:50,83,Authentic (83%),0.55
22:36:50,85,Authentic (85%),0.63
22:36:51,88,Authentic (88%),0.75
22:36:51,89,Authentic (89%),0.83
22:36:51,90,Authentic (90%),0.89
22:36:52,89,Authentic (89%),0.83
22:36:52,90,Authentic (90%),0.89
22:36:52,88,Authentic (88%),0.84
22:36:53,88,Authentic (88%),0.85
22:36:53,87,Authentic (87%),0.78
22:36:53,85,Authentic (85%),0.65
22:36:53,86,Authentic (86%),0.71
22:36:54,87,Authentic (87%),0.8
22:36:54,88,Authentic (88%),0.87
22:36:54,89,Authentic (89%),0.91
22:36:55,88,Authentic (88%),0.89
22:36:55,87,Authentic (87%),0.85
22:36:55,86,Authentic (86%),0.84
22:36:56,87,Authentic (87%),0.84
22:36:56,88,Authentic (88%),0.86
22:36:56,85,Authentic (85%),0.7
22:36:57,83,Authentic (83%),0.6
22:36:57,86,Authentic (86%),0.74
22:36:57,87,Authentic (87%),0.83
22:36:58,88,Authentic (88%),0.86
22:36:58,89,Authentic (89%),0.9
22:36:58,86,Authentic (86%),0.72
22:36:58,88,Authentic (88%),0.82
22:36:59,89,Authentic (89%),0.86
22:36:59,85,Authentic (85%),0.69
22:36:59,87,Authentic (87%),0.79
22:37:00,88,Authentic (88%),0.83
22:37:00,88,Authentic (88%),0.86
22:37:00,88,Authentic (88%),0.87
22:37:01,85,Authentic (85%),0.7
22:37:01,85,Authentic (85%),0.7
22:37:01,83,Authentic (83%),0.6
22:37:02,82,Authentic (82%),0.54
22:37:02,81,Authentic (81%),0.5
22:37:02,84,Authentic (84%),0.61
22:37:02,85,Authentic (85%),0.69
22:37:03,86,Authentic (86%),0.74
22:37:03,83,Authentic (83%),0.62
22:37:03,81,Authentic (81%),0.55
22:37:04,80,Authentic (80%),0.51
22:37:04,79,Authentic (79%),0.48
22:37:04,80,Authentic (80%),0.47
22:37:05,85,Authentic (85%),0.66
22:37:05,87,Authentic (87%),0.78
22:37:05,88,Authentic (88%),0.86
22:37:06,90,Authentic (90%),0.9
22:37:06,90,Authentic (90%),0.93
22:37:06,89,Authentic (89%),0.93
22:37:06,86,Authentic (86%),0.74
22:37:07,89,Authentic (89%),0.83
22:37:07,90,Authentic (90%),0.89
22:37:07,91,Authentic (91%),0.92
22:37:08,92,Authentic (92%),0.94
22:37:08,92,Authentic (92%),0.95
22:37:08,92,Authentic (92%),0.95
22:37:09,88,Authentic (88%),0.75
22:37:09,84,Authentic (84%),0.63
22:37:09,86,Authentic (86%),0.71
22:37:10,88,Authentic (88%),0.79
22:37:10,89,Authentic (89%),0.83
22:37:10,90,Authentic (90%),0.86
22:37:10,90,Authentic (90%),0.88
22:37:11,91,Authentic (91%),0.92
22:37:11,91,Authentic (91%),0.94
22:37:11,91,Authentic (91%),0.95
22:37:12,88,Authentic (88%),0.75
22:37:12,89,Authentic (89%),0.83
22:43:28,88,Authentic (88%),0.997
22:43:30,83,Authentic (83%),0.68
22:43:59,83,Authentic (83%),0.58
22:44:00,87,Authentic (87%),0.74
22:44:00,90,Authentic (90%),0.83
22:44:00,91,Authentic (91%),0.89
22:44:01,92,Authentic (92%),0.92
22:44:01,93,Authentic (93%),0.94
22:44:01,93,Authentic (93%),0.96
22:44:02,89,Authentic (89%),0.75
22:44:02,90,Authentic (90%),0.82
22:44:02,91,Authentic (91%),0.85
22:44:02,91,Authentic (91%),0.87
22:44:03,92,Authentic (92%),0.89
22:44:03,93,Authentic (93%),0.92
22:44:03,93,Authentic (93%),0.94
22:44:06,88,Authentic (88%),0.74
22:44:07,90,Authentic (90%),0.81
22:44:07,91,Authentic (91%),0.86
22:44:07,91,Authentic (91%),0.9
22:44:08,91,Authentic (91%),0.91
22:44:08,92,Authentic (92%),0.92
22:44:08,92,Authentic (92%),0.91
22:44:23,83,Authentic (83%),0.73
22:44:24,80,Authentic (80%),0.83
22:44:24,79,Authentic (79%),0.89
22:44:24,79,Authentic (79%),0.92
22:44:25,78,Authentic (78%),0.94
22:44:25,78,Authentic (78%),0.96
22:44:25,78,Authentic (78%),0.96
22:44:26,75,Authentic (75%),0.76
22:44:26,74,Authentic (74%),0.83
22:44:27,71,Authentic (71%),0.68
22:44:27,70,Authentic (70%),0.59
22:44:28,73,Authentic (73%),0.73
22:44:28,75,Authentic (75%),0.83
22:44:28,76,Authentic (76%),0.89
22:44:29,76,Authentic (76%),0.92
22:44:29,77,Authentic (77%),0.94
22:44:29,77,Authentic (77%),0.96
22:44:30,77,Authentic (77%),0.96
22:44:30,77,Authentic (77%),0.97
22:44:30,74,Authentic (74%),0.76
22:44:30,75,Authentic (75%),0.85
22:44:31,75,Authentic (75%),0.9
22:44:31,75,Authentic (75%),0.93
22:44:31,76,Authentic (76%),0.95
22:44:32,76,Authentic (76%),0.96
22:44:32,76,Authentic (76%),0.96
22:44:32,76,Authentic (76%),0.97
22:44:33,76,Authentic (76%),0.97
22:44:33,76,Authentic (76%),0.97
22:44:33,76,Authentic (76%),0.97
22:44:34,73,Authentic (73%),0.76
22:44:34,74,Authentic (74%),0.84
22:44:34,75,Authentic (75%),0.89
22:44:35,72,Authentic (72%),0.71
22:44:35,73,Authentic (73%),0.8
22:44:35,71,Authentic (71%),0.66
22:44:35,73,Authentic (73%),0.78
22:44:36,75,Authentic (75%),0.85
22:44:36,72,Authentic (72%),0.69
22:44:36,74,Authentic (74%),0.8
22:44:37,72,Authentic (72%),0.66
22:44:37,74,Authentic (74%),0.76
22:44:37,75,Authentic (75%),0.83
22:44:38,76,Authentic (76%),0.89
22:44:38,76,Authentic (76%),0.92
22:44:38,74,Authentic (74%),0.87
22:44:39,74,Authentic (74%),0.84
22:44:39,75,Authentic (75%),0.89
22:44:39,76,Authentic (76%),0.93
22:44:39,77,Authentic (77%),0.95
22:44:40,77,Authentic (77%),0.96
22:44:40,77,Authentic (77%),0.96
22:44:40,77,Authentic (77%),0.97
22:44:41,77,Authentic (77%),0.94
22:44:41,74,Authentic (74%),0.74
22:44:41,72,Authentic (72%),0.62
22:44:42,74,Authentic (74%),0.76
22:44:42,75,Authentic (75%),0.85
22:44:42,76,Authentic (76%),0.9
22:44:43,76,Authentic (76%),0.93
22:44:43,77,Authentic (77%),0.95
22:44:43,77,Authentic (77%),0.96
22:44:43,77,Authentic (77%),0.97
22:44:44,77,Authentic (77%),0.97
22:44:44,77,Authentic (77%),0.97
22:44:44,77,Authentic (77%),0.97
22:44:45,77,Authentic (77%),0.97
22:44:45,74,Authentic (74%),0.76
22:44:45,72,Authentic (72%),0.64
22:44:46,74,Authentic (74%),0.77
22:44:46,71,Authentic (71%),0.64
22:44:46,72,Authentic (72%),0.69
22:44:47,73,Authentic (73%),0.79
22:44:47,74,Authentic (74%),0.85
22:44:47,74,Authentic (74%),0.83
22:44:48,74,Authentic (74%),0.89
22:44:48,74,Authentic (74%),0.86
22:44:48,75,Authentic (75%),0.9
22:44:48,74,Authentic (74%),0.86
22:44:49,75,Authentic (75%),0.91
22:44:49,75,Authentic (75%),0.93
22:44:49,76,Authentic (76%),0.95
22:52:13,88,Authentic (88%),0.997
22:52:16,71,Authentic (71%),0.92
22:53:04,76,Authentic (76%),0.92
22:53:05,76,Authentic (76%),0.92
22:53:05,75,Authentic (75%),0.92
22:53:05,76,Authentic (76%),0.93
22:53:05,76,Authentic (76%),0.92
22:53:06,76,Authentic (76%),0.92
22:53:06,75,Authentic (75%),0.92
22:53:06,76,Authentic (76%),0.94
22:53:06,76,Authentic (76%),0.95
22:53:07,76,Authentic (76%),0.96
22:53:07,76,Authentic (76%),0.97
22:53:07,76,Authentic (76%),0.97
22:53:08,76,Authentic (76%),0.96
22:53:08,76,Authentic (76%),0.96
22:53:08,73,Authentic (73%),0.75
22:53:08,72,Authentic (72%),0.63
22:53:09,74,Authentic (74%),0.76
22:53:09,75,Authentic (75%),0.81
22:53:09,75,Authentic (75%),0.81
22:53:09,76,Authentic (76%),0.88
22:53:10,75,Authentic (75%),0.79
22:53:10,76,Authentic (76%),0.85
22:53:10,76,Authentic (76%),0.83
22:53:10,77,Authentic (77%),0.89
22:53:11,76,Authentic (76%),0.92
22:53:11,74,Authentic (74%),0.88
22:53:11,74,Authentic (74%),0.88
22:53:12,76,Authentic (76%),0.91
22:53:12,75,Authentic (75%),0.92
22:53:12,75,Authentic (75%),0.89
22:53:12,75,Authentic (75%),0.84
22:53:13,76,Authentic (76%),0.88
22:53:13,76,Authentic (76%),0.84
22:53:13,77,Authentic (77%),0.9
22:53:13,78,Authentic (78%),0.92
22:53:14,77,Authentic (77%),0.89
22:53:14,77,Authentic (77%),0.87
22:53:14,77,Authentic (77%),0.9
22:53:15,78,Authentic (78%),0.93
22:53:15,78,Authentic (78%),0.95
22:53:15,78,Authentic (78%),0.96
22:53:17,78,Authentic (78%),0.95
22:53:17,77,Authentic (77%),0.94
22:53:20,74,Authentic (74%),0.74
22:53:21,72,Authentic (72%),0.62
22:53:21,71,Authentic (71%),0.55
22:53:21,73,Authentic (73%),0.72
22:53:21,71,Authentic (71%),0.61
22:53:22,74,Authentic (74%),0.76
22:53:22,75,Authentic (75%),0.84
22:53:22,73,Authentic (73%),0.68
22:53:22,74,Authentic (74%),0.74
22:53:23,75,Authentic (75%),0.75
22:53:24,75,Authentic (75%),0.79
22:53:24,75,Authentic (75%),0.76
22:53:24,76,Authentic (76%),0.82
22:53:24,77,Authentic (77%),0.87
22:53:25,77,Authentic (77%),0.88
22:53:25,75,Authentic (75%),0.85
22:53:25,73,Authentic (73%),0.69
22:53:26,71,Authentic (71%),0.59
22:53:26,73,Authentic (73%),0.7
22:53:26,71,Authentic (71%),0.6
22:53:26,74,Authentic (74%),0.72
22:53:27,75,Authentic (75%),0.82
22:53:27,76,Authentic (76%),0.88
22:53:27,73,Authentic (73%),0.71
22:53:27,69,Authentic (69%),0.8
22:53:28,69,Authentic (69%),0.66
22:53:29,72,Authentic (72%),0.72
22:53:29,73,Authentic (73%),0.72
22:53:29,73,Authentic (73%),0.77
22:53:29,74,Authentic (74%),0.76
22:53:30,75,Authentic (75%),0.82
22:53:30,77,Authentic (77%),0.88
22:53:30,76,Authentic (76%),0.82
22:53:30,76,Authentic (76%),0.82
22:53:31,76,Authentic (76%),0.8
22:53:31,75,Authentic (75%),0.77
22:53:31,75,Authentic (75%),0.76
22:53:32,75,Authentic (75%),0.79
22:53:32,75,Authentic (75%),0.76
22:53:32,76,Authentic (76%),0.79
22:53:32,76,Authentic (76%),0.83
22:53:33,77,Authentic (77%),0.87
22:53:33,77,Authentic (77%),0.91
22:53:33,78,Authentic (78%),0.94
22:53:33,75,Authentic (75%),0.74
22:53:34,72,Authentic (72%),0.62
22:53:34,74,Authentic (74%),0.76
22:53:34,75,Authentic (75%),0.85
22:53:34,72,Authentic (72%),0.69
22:53:35,73,Authentic (73%),0.77
22:53:35,72,Authentic (72%),0.64
22:53:35,74,Authentic (74%),0.77
22:53:35,76,Authentic (76%),0.85
22:53:36,73,Authentic (73%),0.69
22:53:36,75,Authentic (75%),0.8
22:53:36,76,Authentic (76%),0.86
22:53:37,76,Authentic (76%),0.91
22:53:44,76,Authentic (76%),0.92
22:53:44,77,Authentic (77%),0.94
22:53:44,77,Authentic (77%),0.95
22:53:44,77,Authentic (77%),0.96
22:53:45,77,Authentic (77%),0.97
22:53:45,77,Authentic (77%),0.97
22:53:45,74,Authentic (74%),0.76
22:53:45,75,Authentic (75%),0.85
22:53:46,76,Authentic (76%),0.9
22:53:46,76,Authentic (76%),0.93
22:53:46,74,Authentic (74%),0.74
22:53:46,75,Authentic (75%),0.83
22:53:47,76,Authentic (76%),0.89
22:53:47,77,Authentic (77%),0.92
22:53:47,77,Authentic (77%),0.94
22:53:47,77,Authentic (77%),0.94
22:53:48,77,Authentic (77%),0.95
22:53:48,77,Authentic (77%),0.96
22:53:48,77,Authentic (77%),0.97
22:53:49,77,Authentic (77%),0.97
22:53:49,77,Authentic (77%),0.97
22:53:49,77,Authentic (77%),0.96
22:53:49,76,Authentic (76%),0.96
22:53:50,76,Authentic (76%),0.95
22:53:50,77,Authentic (77%),0.96
22:53:50,77,Authentic (77%),0.97
22:53:50,72,Authentic (72%),0.76
22:53:51,74,Authentic (74%),0.84
22:53:51,74,Authentic (74%),0.9
22:53:51,74,Authentic (74%),0.93
22:53:51,74,Authentic (74%),0.95
22:53:52,74,Authentic (74%),0.96
22:53:52,74,Authentic (74%),0.96
22:53:52,73,Authentic (73%),0.96
22:53:52,73,Authentic (73%),0.97
22:53:53,72,Authentic (72%),0.76
22:53:53,74,Authentic (74%),0.84
22:53:53,75,Authentic (75%),0.9
22:53:53,76,Authentic (76%),0.93
22:53:54,76,Authentic (76%),0.95
22:53:54,77,Authentic (77%),0.96
22:53:54,77,Authentic (77%),0.96
22:53:55,77,Authentic (77%),0.97
22:53:55,77,Authentic (77%),0.97
22:53:55,77,Authentic (77%),0.96
22:53:55,77,Authentic (77%),0.95
22:53:56,74,Authentic (74%),0.75
22:53:56,72,Authentic (72%),0.63
22:53:56,74,Authentic (74%),0.77
22:53:56,75,Authentic (75%),0.83
22:53:57,76,Authentic (76%),0.88
22:53:57,76,Authentic (76%),0.92
22:53:57,76,Authentic (76%),0.94
22:53:57,76,Authentic (76%),0.95
22:53:58,77,Authentic (77%),0.96
22:53:58,77,Authentic (77%),0.96
22:53:58,77,Authentic (77%),0.97
22:53:58,77,Authentic (77%),0.97
22:53:59,77,Authentic (77%),0.97
22:53:59,77,Authentic (77%),0.97
22:53:59,77,Authentic (77%),0.97
22:53:59,77,Authentic (77%),0.97
22:54:00,77,Authentic (77%),0.97
22:54:00,74,Authentic (74%),0.76
22:54:00,72,Authentic (72%),0.64
22:54:01,74,Authentic (74%),0.75
22:54:01,75,Authentic (75%),0.83
22:54:01,76,Authentic (76%),0.89
22:54:01,76,Authentic (76%),0.92
22:54:02,77,Authentic (77%),0.94
22:54:02,77,Authentic (77%),0.96
22:54:02,77,Authentic (77%),0.92
22:54:02,77,Authentic (77%),0.94
22:54:03,77,Authentic (77%),0.96
22:54:03,77,Authentic (77%),0.96
22:54:09,76,Authentic (76%),0.92
22:54:09,76,Authentic (76%),0.91
22:54:10,76,Authentic (76%),0.94
22:54:10,76,Authentic (76%),0.95
22:54:10,76,Authentic (76%),0.96
22:54:10,76,Authentic (76%),0.95
22:54:11,76,Authentic (76%),0.95
22:54:11,76,Authentic (76%),0.95
22:54:11,73,Authentic (73%),0.75
22:54:11,75,Authentic (75%),0.84
22:54:12,75,Authentic (75%),0.88
22:54:12,72,Authentic (72%),0.71
22:54:12,73,Authentic (73%),0.8
22:54:13,74,Authentic (74%),0.86
22:54:13,74,Authentic (74%),0.9
22:54:13,75,Authentic (75%),0.91
22:54:13,74,Authentic (74%),0.94
22:54:14,74,Authentic (74%),0.95
22:54:14,73,Authentic (73%),0.94
22:54:14,73,Authentic (73%),0.91
22:54:14,74,Authentic (74%),0.94
22:54:15,74,Authentic (74%),0.95
22:54:15,74,Authentic (74%),0.95
22:54:15,75,Authentic (75%),0.95
22:54:15,75,Authentic (75%),0.96
22:54:16,75,Authentic (75%),0.95
22:54:16,75,Authentic (75%),0.96
22:54:16,75,Authentic (75%),0.97
22:54:16,76,Authentic (76%),0.97
22:54:17,76,Authentic (76%),0.97
22:54:17,76,Authentic (76%),0.95
22:54:17,76,Authentic (76%),0.96
22:54:17,71,Authentic (71%),0.76
22:54:18,72,Authentic (72%),0.82
22:54:18,72,Authentic (72%),0.86
22:54:18,70,Authentic (70%),0.69
22:54:18,67,Authentic (67%),0.59
22:54:19,68,Authentic (68%),0.75
22:54:19,69,Authentic (69%),0.84
22:54:19,69,Authentic (69%),0.68
22:54:20,68,Authentic (68%),0.59
22:54:20,70,Authentic (70%),0.7
22:54:20,69,Authentic (69%),0.6
22:54:20,72,Authentic (72%),0.75
22:54:21,72,Authentic (72%),0.79
22:54:21,73,Authentic (73%),0.82
22:54:21,74,Authentic (74%),0.87
22:54:21,74,Authentic (74%),0.88
22:54:22,74,Authentic (74%),0.91
22:54:22,71,Authentic (71%),0.72
22:54:22,72,Authentic (72%),0.82
22:54:22,67,Authentic (67%),0.67
22:54:23,67,Authentic (67%),0.58
22:54:23,70,Authentic (70%),0.71
22:54:23,73,Authentic (73%),0.81
22:54:23,74,Authentic (74%),0.88
22:54:24,75,Authentic (75%),0.91
22:54:24,75,Authentic (75%),0.92
22:54:24,75,Authentic (75%),0.94
22:54:25,75,Authentic (75%),0.94
22:54:25,75,Authentic (75%),0.93
22:54:25,75,Authentic (75%),0.94
22:54:25,74,Authentic (74%),0.92
22:54:26,74,Authentic (74%),0.94
22:54:26,74,Authentic (74%),0.91
22:54:26,72,Authentic (72%),0.73
22:54:26,73,Authentic (73%),0.77
22:54:27,73,Authentic (73%),0.78
22:54:27,74,Authentic (74%),0.86
22:54:27,75,Authentic (75%),0.91
22:54:27,76,Authentic (76%),0.93
22:54:28,75,Authentic (75%),0.88
22:54:28,73,Authentic (73%),0.7
22:54:28,71,Authentic (71%),0.6
22:54:29,72,Authentic (72%),0.72
22:54:29,73,Authentic (73%),0.82
22:54:29,75,Authentic (75%),0.88
22:54:29,73,Authentic (73%),0.83
22:54:30,71,Authentic (71%),0.67
22:54:30,74,Authentic (74%),0.79
22:54:30,75,Authentic (75%),0.87
22:54:30,76,Authentic (76%),0.91
22:54:31,76,Authentic (76%),0.93
22:54:31,76,Authentic (76%),0.91
22:54:31,76,Authentic (76%),0.91
22:54:31,76,Authentic (76%),0.9
22:54:32,71,Authentic (71%),0.72
22:54:32,69,Authentic (69%),0.61
22:54:32,71,Authentic (71%),0.73
22:54:32,73,Authentic (73%),0.82
22:54:33,74,Authentic (74%),0.87
22:54:33,74,Authentic (74%),0.88
22:54:33,75,Authentic (75%),0.87
22:54:33,75,Authentic (75%),0.9
22:54:34,75,Authentic (75%),0.92
22:54:34,75,Authentic (75%),0.94
22:54:34,75,Authentic (75%),0.96
22:54:34,69,Authentic (69%),0.75
22:54:35,69,Authentic (69%),0.63
22:54:35,72,Authentic (72%),0.76
22:54:35,73,Authentic (73%),0.85
22:54:36,75,Authentic (75%),0.9
22:54:36,75,Authentic (75%),0.93
22:54:36,76,Authentic (76%),0.94
22:54:36,76,Authentic (76%),0.95
22:54:37,76,Authentic (76%),0.96
22:54:37,74,Authentic (74%),0.92
22:54:37,72,Authentic (72%),0.86
22:54:37,73,Authentic (73%),0.85
22:54:38,73,Authentic (73%),0.87
22:54:38,74,Authentic (74%),0.88
22:54:38,75,Authentic (75%),0.88
22:54:38,75,Authentic (75%),0.92
22:54:39,76,Authentic (76%),0.94
22:54:39,76,Authentic (76%),0.96
22:54:39,76,Authentic (76%),0.96
23:15:47,88,Authentic (88%),0.997
23:15:49,85,Authentic (85%),0.92
23:17:44,88,Authentic (88%),0.997
23:17:46,85,Authentic (85%),0.92
23:33:29,88,Authentic (88%),0.997
23:33:31,85,Authentic (85%),0.92
